{"mean_reward": 862.7496140956879, "std_reward": 31.080476793010785, "is_deterministic": true, "n_eval_episodes": 10, "eval_datetime": "2022-05-16T16:50:28.103276"}